Experiment,Res,Pretrained,Aug,Params (M),Best epoch,Final train acc,Val acc,"Train time (min, CPU)",Change
E0 Starter TNet (64px),64,no,no,0.06,6,0.994,0.4833,0.5,Starter baseline
"E1 SceneCNN (BN, GAP)",64,no,no,1.18,40,0.992,0.8042,15.0,"Deeper CNN, same recipe as E0"
E2 + augmentation,64,no,yes,1.18,38,0.83,0.8125,16.0,RandomResizedCrop + hflip + jitter
E3 + AdamW/one-cycle/LS,64,no,yes,1.18,39,0.919,0.8479,15.7,"AdamW wd=0.05, one-cycle (max 3e-3), LS=0.1"
"E4 ResNet-18 ImageNet, linear probe",160,ImageNet-1k (frozen),no,11.18,55,1.0,0.8938,0.9,"Frozen backbone, train head only"
"E5 ResNet-18 ImageNet, full fine-tune",160,ImageNet-1k,yes,11.18,11,0.96,0.9208,15.8,"All layers fine-tuned, E3 recipe"
E6 ResNet-18 random init (control),160,no,yes,11.18,12,0.643,0.7083,16.0,Same as E5 without pretraining
"E7 EfficientNet-B0 ImageNet, fine-tune",160,ImageNet-1k,yes,4.03,7,0.986,0.9292,17.9,"Smaller CNN, same recipe (lr 1e-3)"
"E8 ResNet-18 ImageNet, fine-tune @224",224,ImageNet-1k,yes,11.18,11,0.978,0.9167,38.5,E5 at 224 px
