run,model,pretrained,img_size,augment,epochs,seed,params,best_val_acc,best_epoch,final_val_acc,val_acc_tta,final_train_acc,train_time_min
e0_baseline_tnet,tnet,False,64,none,20,0,57776,0.4396,15,0.4167,0.4542,0.9917,0.5
e1_scenecnn,scenecnn,False,128,none,60,0,1177328,0.8771,40,0.8729,0.8771,1.0,9.4
e2_scenecnn_aug,scenecnn,False,128,strong,60,0,1177328,0.8729,59,0.8708,0.8687,0.8953,9.7
e3_resnet18_scratch,resnet18,False,224,strong,60,0,11184720,0.8667,55,0.8625,0.8646,0.9437,19.8
e4_resnet18_pretrained,resnet18,True,224,strong,30,0,11184720,0.925,28,0.9187,0.9229,0.9932,56.2
e5_r18_labelsmooth,resnet18,True,224,strong,30,0,11184720,0.9479,22,0.9396,0.9354,0.9979,12.0
e6_r18_mixcut,resnet18,True,224,strong,30,0,11184720,0.9292,16,0.9208,0.9354,0.7531,8.8
e7_r18_linearprobe,resnet18,True,224,strong,30,0,8208,0.8854,13,0.8771,0.8771,0.8677,4.0
e8_convnext_tiny,convnext_tiny,True,224,strong,30,0,27832432,0.9521,18,0.9354,0.9458,0.9974,39.7
e9_efficientnet_b0,efficientnet_b0,True,224,strong,30,0,4028044,0.9521,22,0.95,0.9458,0.9901,16.6
e10_resnet50,resnet50,True,224,strong,30,0,23540816,0.9625,15,0.9458,0.9583,0.9958,26.8
e11_mobilenet_v3,mobilenet_v3_large,True,224,strong,30,0,4222528,0.9458,16,0.9458,0.9458,0.9953,8.1
e2b_scenecnn_lightaug,scenecnn,False,128,light,60,0,1177328,0.9021,53,0.8896,0.8938,0.9927,8.4
e4_resnet18_pretrained_seed1,resnet18,True,224,strong,30,1,11184720,0.9312,24,0.9271,0.9208,0.9917,9.2
e4_resnet18_pretrained_seed2,resnet18,True,224,strong,30,2,11184720,0.9312,22,0.9208,0.9312,0.9974,9.2
e5_r18_labelsmooth_seed1,resnet18,True,224,strong,30,1,11184720,0.9375,27,0.9333,0.9396,0.9943,9.2
e5_r18_labelsmooth_seed2,resnet18,True,224,strong,30,2,11184720,0.9479,22,0.9438,0.9563,0.9969,9.2
e2c_scenecnn_aug_long,scenecnn,False,128,strong,150,0,1177328,0.8813,112,0.8708,0.875,0.9734,20.6
e12_r18_res160,resnet18,True,160,strong,30,0,11184720,0.9229,28,0.9187,0.9354,0.9953,4.8
e13_r18_res288,resnet18,True,288,strong,30,0,11184720,0.9583,24,0.95,0.9521,0.9979,15.4
e8b_convnext_tiny_lr1e-4,convnext_tiny,True,224,strong,30,0,27832432,0.9604,26,0.9583,0.9604,0.9984,40.1
e10_resnet50_seed1,resnet50,True,224,strong,30,1,23540816,0.9521,20,0.9438,0.95,0.9964,26.5
e9_efficientnet_b0_seed1,efficientnet_b0,True,224,strong,30,1,4028044,0.9458,17,0.9375,0.9521,0.9938,16.3
e2d_scenecnn_aug_mildcrop,scenecnn,False,128,strong,60,0,1177328,0.8875,54,0.8833,0.8854,0.9651,8.0
e5b_r18_lightaug,resnet18,True,224,light,30,0,11184720,0.9542,21,0.9458,0.95,1.0,8.8
